TF	Target	Regulatory Mode
PA5438	aceE	-
PA5438	aceF	-
phoP	ackA	-
lasR	acpP	+
rhlR	acpP	+
anr	aer	?
rpoS	aer2	?
aguR	aguA	-
aguR	aguB	-
PA0167	alc	-
PA1520	alc	-
algR	alg44	+
algU	alg44	+
algZ	alg44	+
cysB	alg44	+
ihf	alg44	+
rpoN	alg44	+
vfr	alg44	?
algR	alg8	+
algU	alg8	+
algZ	alg8	+
cysB	alg8	+
ihf	alg8	+
rpoN	alg8	+
vfr	alg8	?
algR	algA	+
algU	algA	+
algZ	algA	+
cysB	algA	+
ihf	algA	+
rpoN	algA	+
vfr	algA	?
algU	algB	+
ihf	algB	+
rpoN	algB	?
algR	algC	+
algD	algD	?
algR	algD	+
algU	algD	+
algW	algD	+
algZ	algD	+
cysB	algD	+
ihf	algD	+
pepA	algD	?
rpoN	algD	d
vfr	algD	?
algR	algE	+
algU	algE	+
algZ	algE	+
cysB	algE	+
ihf	algE	+
rpoN	algE	+
vfr	algE	?
algR	algF	+
algU	algF	+
algZ	algF	+
cysB	algF	+
ihf	algF	+
rpoN	algF	+
vfr	algF	?
algR	algG	+
algU	algG	+
algZ	algG	+
cysB	algG	+
ihf	algG	+
rpoN	algG	+
vfr	algG	?
algR	algI	+
algU	algI	+
algZ	algI	+
cysB	algI	+
ihf	algI	+
rpoN	algI	+
vfr	algI	?
algR	algJ	+
algU	algJ	+
algZ	algJ	+
cysB	algJ	+
ihf	algJ	+
rpoN	algJ	+
vfr	algJ	?
algR	algK	+
algU	algK	+
algZ	algK	+
cysB	algK	+
ihf	algK	+
rpoN	algK	+
vfr	algK	?
algR	algL	+
algU	algL	+
algZ	algL	+
cysB	algL	+
ihf	algL	+
rpoN	algL	+
vfr	algL	?
ihf	algQ	+
psrA	algQ	-
algR	algR	+
algU	algR	+
phoQ	algR	-
algU	algU	+
algW	algU	+
mucA	algU	-
mucB	algU	-
mucC	algU	-
mucD	algU	-
algR	algX	+
algU	algX	+
algZ	algX	+
cysB	algX	+
ihf	algX	+
rpoN	algX	+
vfr	algX	?
algR	algZ	-
algU	algZ	+
algZ	algZ	-
vfr	algZ	?
lasR	ambB	+
lasR	ambB	+
lasR	ambC	+
lasR	ambC	+
lasR	ambD	+
lasR	ambE	+
lasR	ambE	+
np20	amiA	-
ampR	ampC	+
lasI	ampR	?
algU	amrZ	?
NtrC	amtB	+
anr	anr	+
dnr	anr	+
argR	aotJ	+
cbrB	aotJ	+
cbrB	aotJ	+
rpoD	aotJ	+
argR	aotM	+
cbrB	aotM	+
argR	aotP	+
cbrB	aotP	+
argR	aotQ	+
cbrB	aotQ	+
bexR	aprA	+
fur	aprA	?
fur	aprA	?
lasR	aprD	+
lasR	aprE	+
lasR	aprF	+
anr	arcA	+
argR	arcA	+
narL	arcA	?
anr	arcB	+
argR	arcB	+
narL	arcB	?
anr	arcC	+
argR	arcC	+
narL	arcC	?
anr	arcD	+
argR	arcD	+
narL	arcD	?
algR	argB	+
argR	argF	-
algR	argG	-
argR	argG	-
vfr	argH	?
argR	argR	+
phoP	arnA	?
pmrA	arnA	?
phoP	arnB	?
phoQ	arnB	-
pmrA	arnB	?
phoP	arnC	?
pmrA	arnC	?
phoP	arnD	?
pmrA	arnD	?
phoP	arnE	?
pmrA	arnE	?
phoP	arnF	?
pmrA	arnF	?
phoP	arnT	?
pmrA	arnT	?
anr	aroE	+
dnr	aroE	+
argR	aruB	+
cysB	aruB	+
argR	aruC	+
cysB	aruC	+
argR	aruD	+
argR	aruE	+
argR	aruF	+
argR	aruG	+
cysB	aruG	+
cysB	atsA	?
atuR	atuA	?
atuR	atuB	?
atuR	atuC	?
atuR	atuD	?
atuR	atuE	?
atuR	atuF	?
metR	atuF	+
atuR	atuG	?
atuR	atuH	?
anr	azu	+
rpoS	azu	+
bexR	bexR	+
birA	bioB	-
birA	bioC	-
birA	bioD	-
birA	bioF	-
crc	bkdA1	?
crc	bkdA2	?
crc	bkdB	?
algU	bolA	+
lasR	bphO	+
rpoS	bphO	+
lasR	bphP	+
rpoS	bphP	+
algR	braZ	+
argR	braZ	+
brlR	brlR	+
argR	carA	-
argR	carB	-
pvdS	cat	+
vfr	cbpA	+
mexT	cbpD	-
cbrB	cbrB	+
roxR	ccoN1	+
roxS	ccoN1	+
anr	ccoN2	+
roxR	ccoN2	+
roxS	ccoN2	+
roxR	ccoO1	+
roxS	ccoO1	+
anr	ccoO2	+
roxR	ccoO2	+
roxS	ccoO2	+
roxR	ccoP1	+
roxS	ccoP1	+
anr	ccoP2	+
roxR	ccoP2	+
roxS	ccoP2	+
roxR	ccoQ1	+
roxS	ccoQ1	+
anr	ccoQ2	+
roxR	ccoQ2	+
roxS	ccoQ2	+
PSPA7_RS29445	PSPA7_RS29435 (PSPA7_6173)	?
rhlR	chiC	?
cifR	cif	?
anr	cioA	-
roxR	cioA	+
roxS	cioA	+
rpoS	cioA	+
anr	cioB	-
roxR	cioB	+
roxS	cioB	+
rpoS	cioB	+
PA0436	codA	-
PA0436	codB	-
anr	coIII	-
rpoS	coIII	+
anr	coxA	-
roxR	coxA	-
roxS	coxA	-
rpoS	coxA	+
anr	coxB	-
roxR	coxB	-
roxS	coxB	-
rpoS	coxB	+
rpoS	cttP	?
lasR	cueR	+
pmrA	cueR	+
mvaT	cupA1	-
mvaT	cupB1	-
rocA1	cupB1	+
rocA1	cupB2	?
rocA1	cupB3	?
rocA1	cupB4	?
rocA1	cupB5	?
rocA1	cupB6	?
mvaT	cupC1	-
rocA1	cupC1	-
rocA1	cupC2	?
rocA1	cupC3	?
roxR	cyoA	+
roxS	cyoA	+
roxR	cyoB	+
roxS	cyoB	+
roxR	cyoC	+
roxS	cyoC	+
roxR	cyoD	+
roxS	cyoD	+
roxR	cyoE	+
roxS	cyoE	+
cysB	cysB	-
PA4132	cysI	-
pmrA	cysT	+
copR	czcA	?
copR	czcB	?
copR	czcC	?
PA0120	dctA	-
desT	desB	-
desT	desT	?
PSPA7_RS29400	PSPA7_RS29490 (PSPA7_6185)	?
PA0436	dht	-
algU	dksA	+
anr	dnr	+
dnr	dnr	+
pmrA	dnr	-
PA3184	edd	-
agmR	exaE	+
agmR	exaD	+
glpR	agmR	+
lasI	eta	?
psrA	etfA	-
psrA	etfB	-
agmR	exaA	+
agmR	exaB	+
agmR	exaC	+
cbrB	exoS	?
exsA	exoS	+
exsA	exoS	+
psrA	exoS	+
rhlR	exoS	-
exsA	exoT	?
vfr	exoT	?
exsA	exsA	+
exsD	exsA	-
mexT	exsA	-
psrA	exsA	+
rpoS	exsA	+
exsA	exsB	+
psrA	exsB	+
rpoS	exsB	+
exsA	exsC	+
psrA	exsC	+
rpoS	exsC	+
exsA	exsD	+
exsA	exsE	+
psrA	exsE	+
rpoS	exsE	+
desT	fabA	-
mexT	fabH2	-
lasI	fagA	?
PA2010	fahA	-
psrA	faoA	-
iscR	fdx2	-
PA3697	fhp	+
fhpR	fhp	+
PA0779	fhp	+
rpoN	fhp	+
fleQ	fleN	?
rpoN	fleN	+
algU	fleQ	-
algZ	fleQ	-
fleQ	fleQ	?
rpoD	fleQ	+
vfr	fleQ	-
fleQ	fleR	+
ihf	fleR	+
rpoN	fleR	+
fleQ	fleS	+
ihf	fleS	+
rpoN	fleS	+
rpoN	flgB	+
rpoN	flgC	+
rpoN	flgD	+
rpoN	flgE	+
rpoN	flgF	+
rpoN	flgG	+
rpoN	flgH	+
rpoN	flgI	+
rpoN	flgJ	+
rpoN	flgK	+
rpoN	flgL	+
fliA	flgM	+
fleQ	flhA	+
rpoN	flhA	+
fleQ	flhB	+
rpoN	flhB	+
fleQ	flhF	?
rpoN	flhF	+
flgM	fliA	-
fliA	fliA	?
algU	fliC	?
flgM	fliC	-
fliA	fliC	+
fleQ	fliD	+
ihf	fliD	+
rpoN	fliD	+
fleQ	fliE	+
rpoN	fliE	+
fleQ	fliF	+
rpoN	fliF	+
fleQ	fliG	+
rpoN	fliG	+
fleQ	fliI	+
rpoN	fliI	+
fleQ	fliJ	+
rpoN	fliJ	+
fleQ	fliM	+
rpoN	fliM	+
fleQ	fliN	+
rpoN	fliN	+
fleQ	fliO	+
rpoN	fliO	+
fleQ	fliP	+
rpoN	fliP	+
fleQ	fliQ	+
rpoN	fliQ	+
fleQ	fliR	+
rpoN	fliR	+
lasR	flp	+
pprB	flp	?
fur	foxI	-
fur	foxR	-
pprB	fppA	?
fur	fptA	+
pchR	fptA	+
fpvR	fpvI	-
fur	fpvI	-
fur	fpvR	+
fruR	fruA	-
fruR	fruI	-
fruR	fruK	-
fruR	fruR	-
fur	fumC1	-
ihf	fumC1	+
fleQ	fur	-
algU	fusA	?
phoP	gabD	+
phoP	gabT	+
lasI	gacA	?
rpoN	gacA	?
PA3184	gapA	-
PSPA7_RS29400	PSPA7_RS29550 (PSPA7_6197)	?
gbuR	gbuA	d
fur	gbuR	-
PA1520	gcl	-
PA2449	gcvH2	+
PA2449	gcvP2	+
PA2449	gcvT2	+
algR	gdhA	-
argR	gdhA	-
argR	gdhB	+
GlcC	glcC	-
GlcC	glcD	-
GlcC	glcE	-
GlcC	glcF	-
PA3184	glk	-
gbuR	glmS	?
PSPA7_RS30295	glmS	?
NtrC	glnA	+
rpoN	glnA	?
NtrC	glnK	+
glpR	glpD	-
glpR	glpF	-
gbuR	glpR	+
glpR	glpT	-
argR	gltB	-
argR	gltD	-
PA3184	gltR	-
PA3184	gltS	-
PA2449	glyA2	+
gntR	gntR	-
gbuR	gpuA	d
gpuR	gpuA	+
gbuR	gpuP	+
gpuR	gpuP	+
gpuR	gpuR	+
argR	greA	-
pvdS	grx	+
fur	hasAp_N	-
fur	hasAp_P	+
fur	hasR	+
algR	hcnA	-
anr	hcnA	+
gacA	hcnA	+
lasR	hcnA	+
mexT	hcnA	-
qscR	hcnA	?
rhlR	hcnA	+
rpoS	hcnA	?
rsaL	hcnA	-
anr	hcnB	+
gacA	hcnB	+
lasR	hcnB	+
mexT	hcnB	-
qscR	hcnB	?
rhlR	hcnB	+
rpoS	hcnB	?
rsaL	hcnB	?
anr	hcnC	+
gacA	hcnC	+
lasR	hcnC	+
mexT	hcnC	-
qscR	hcnC	?
rhlR	hcnC	+
rpoS	hcnC	?
rsaL	hcnC	?
anr	hemA	+
dnr	hemA	+
ihf	hemA	+
narL	hemA	d
anr	hemF	+
dnr	hemF	+
anr	hemK	d
ihf	hemK	+
narL	hemK	d
anr	hemN	+
dnr	hemN	+
fur	hemO	+
fur	hemO	?
glpR	himA	-
PA2010	hmgA	-
phhR	hpd	+
iscR	hscA	-
iscR	hscB	-
cbrB	hutC	?
HutC	hutC	-
cbrB	hutG	?
HutC	hutG	-
cbrB	hutH	?
HutC	hutH	-
cbrB	hutI	?
HutC	hutI	-
cbrB	hutU	?
HutC	hutU	-
fur	icmP	+
pvdS	imm2	?
iscR	iscA	-
iscR	iscR	-
iscR	iscS	-
iscR	iscU	-
oxyR	katB	?
lasR	kynB	+
lasR	kynU	?
ampR	lasA	-
lasI	lasA	?
rhlR	lasA	?
rpoS	lasA	?
ampR	lasB	+
lasI	lasB	?
lasI	lasB	?
lasR	lasB	+
mexT	lasB	-
pprB	lasB	?
ppyR	lasB	-
qscR	lasB	?
rhlR	lasB	?
rpoS	lasB	?
rsaL	lasB	?
ampR	lasI	-
gacA	lasI	?
lasI	lasI	?
lasI	lasI	?
lasR	lasI	+
pprB	lasI	?
qscR	lasI	?
rhlR	lasI	?
rsaL	lasI 	-
rsaL	lasI	?
vfr	lasI	?
algQ	lasR	-
ampR	lasR	-
gacA	lasR	+
ihf	lasR	+
lasI	lasR	?
vfr	lasR	+
algR	ldcA	+
argR	ldcA	+
rhlR	lecA	+
rpoS	lecA	?
lexA	lexA	-
mexT	lldD	-
PA4769	lldD	-
mexT	lldP	-
PA4769	lldP	-
crc	lpdV	?
algU	lptA	+
PA2010	maiA	-
metR	metE	-
metR	metH	+
metR	metH	-
PA0547	metK	-
pmrA	metK	+
metR	metR	-
brlR	mexA	+
mexR	mexA	-
nalC	mexA	-
nalD	mexA	?
mexR	mexB	-
nalC	mexB	-
nalD	mexB	?
nfxB	mexC	?
nfxB	mexD	?
brlR	mexE	+
mexT	mexE	+
mexT	mexF	+
mvfR	mexG	?
pmrA	mexG	-
soxR	mexG	+
mvfR	mexH	?
pmrA	mexH	-
soxR	mexH	+
mvfR	mexI	?
pmrA	mexI	-
soxR	mexI	+
lasR	mexR	+
mexR	mexT	-
mexT	mexT	+
pmrA	mgtA	+
pmrA	mgtE	+
rhlR	migA	+
mmsR	mmsA	?
mmsR	mmsB	?
psrA	mmsR	+
modE	modA	-
modE	modB	-
modE	modC	-
anr	moeB	d
ihf	moeB	+
narL	moeB	d
cifR	morB	?
fur	motD	-
toxR	motD	+
cysB	msuD	+
cysB	msuE	+
crc	mtlD	?
algU	mucA	+
algU	mucB	+
anr	murI	d
ihf	murI	+
narL	murI	d
lasR	mvfR	+
mvfR	mvfR	-
rhlR	mvfR	-
PA4916	nadD	-
PA4916	nadE	-
mexR	nalC	-
anr	narG	+
dnr	narG	+
ihf	narG	+
narL	narG	?
anr	narH	+
dnr	narH	+
ihf	narH	+
narL	narH	+
anr	narI	+
dnr	narI	+
ihf	narI	+
narL	narI	+
anr	narJ	+
dnr	narJ	+
ihf	narJ	+
narL	narJ	+
anr	narK1	+
dnr	narK1	+
ihf	narK1	+
narL	narK1	+
anr	narK2	+
dnr	narK2	+
ihf	narK2	+
narL	narK2	+
anr	narL	+
dnr	narL	+
anr	narX	+
dnr	narX	+
nfxB	nfxB	-
dnr	nirC	+
dnr	nirD	+
dnr	nirF	+
dnr	nirJ	+
dnr	nirL	+
dnr	nirM	+
dnr	nirN	+
anr	nirQ	+
dnr	nirQ	+
narL	nirQ	+
anr	nirS	+
dnr	nirS	+
anr	norB	+
dnr	norB	+
anr	norC	+
dnr	norC	+
PSPA7_RS29685	norC	?
dnr	nosD	+
dnr	nosF	+
dnr	nosL	+
dnr	nosR	+
dnr	nosY	+
dnr	nosZ	+
PSPA7_RS29685	nosZ	?
np20	np20	-
NrdR	nrdA	-
NrdR	nrdB	-
NrdR	nrdD	-
NrdR	nrdG	-
NrdR	nrdJa	-
NrdR	nrdJb	-
NtrC	ntrB	+
metR	ntrC	-
NtrC	ntrC	+
lasR	nuh	+
mvfR	opmD	?
soxR	opmD	+
mexT	oprD	-
anr	oprE	+
ihf	oprE	+
rpoN	oprE	+
algU	oprF	+
brlR	oprH	-
phoP	oprH	+
nfxB	oprJ	?
fur	oprL	-
toxR	oprL	+
mexR	oprM	-
nalC	oprM	-
nalD	oprM	?
mexT	oprN	+
algU	osmC	+
algU	osmE	?
lasR	PA0027	+
lasR	PA0028	+
lexA	PA0069	-
fur	PA0071	-
fur	PA0072	-
PA0120	PA0120	-
lasR	PA0122	+
PA0167	PA0136	-
PA0167	PA0137	-
PA0167	PA0138	-
lasR	PA0144	+
PA0167	PA0165	-
PA1520	PA0165	-
PA0167	PA0166	-
PA0167	PA0167	-
PA0167	PA0168	-
PSPA7_RS29685	PSPA7_RS01190	?
rpoS	PA0177	?
rpoS	PA0178	?
rhlR	PA0179	?
rpoS	PA0179	?
cysB	PA0185	?
pmrA	PA0201	+
PA0268	PA0269	-
PA0268	PA0270	-
algR	PA0328	+
argR	PA0328	+
pvdS	PA0346	+
PA0436	PA0439	-
PA0436	PA0440	-
PA0436	PA0443	-
PA0436	PA0444	-
fur	PA0473	?
fur	PA0473	?
PA1520	PA0476	-
birA	bioH	-
psrA	PA0506	-
psrA	PA0507	-
psrA	PA0508	-
dnr	PA0510	+
dnr	nirH	+
dnr	PA0513	+
anr	PA0521	+
anr	PA0522	+
anr	PA0526	?
gacA	RsmY	+
gacS	RsmY	+
PA0547	PA0547	-
bexR	PA0572	+
lasR	PA0572	+
metR	PA0633	-
vfr	PA0653	?
iscR	PA0665	-
metR	PA4223	+
fur	fptB	+
PA4165	PA4166	-
metR	PA4144	+
mexT	PA4141	+
tpbA	PA4139	-
PA4132	PA4133	-
PA4132	PA4129	-
np20	PA4063	-
phoP	PA4011	+
phoP	PA4010	+
algU	PA3952	+
algR	PA3934	+
argR	PA3934	+
anr	PA3928	?
CueR	PA3920	+
lasR	PA3908	+
lasR	PA3907	+
lasR	PA3906	+
lasR	PA3905	+
lasR	PA3904	+
algU	ivy/ PA3902	+
fur	PA3900	-
fur	PA3899	-
exsA	PA3843	+
exsA	PA3842	+
fur	PA3842	-
toxR	PA3842	+
algU	PA3819	+
iscR	PA3808	-
pvdS	PA3794	?
PA3757	PA3761	-
PA3757	PA3760	-
PA3757	PA3759	-
PA3757	PA3758	-
PA3757	PA3757	-
soxR	PA3718	+
PA3689	PA3690	+
phoP	PA3649	+
gacA	RsmZ	+
gacS	RsmZ	+
lexA	PA3616	-
np20	PA3601	-
np20	PA3600	-
psrA	PA3595	?
glpR	glpK1	?
phoP	PA3559	?
pmrA	PA3559	?
argR	PA3538	-
lasR	PA3535	+
fur	PA3530	+
CueR	PA3523	+
CueR	PA3522	+
phoP	PA3522	+
CueR	PA3521	+
pmrA	PA3518	-
pmrA	PA3517	-
pmrA	PA3516	-
pmrA	PA3515	-
pmrA	PA3446	+
lexA	PA3413	-
fur	PA3410	?
fur	PA3410	?
fur	PA3409	+
PA3381	PA3381	-
PA3381	PA3380	-
PA3381	PA3379	-
PA3381	PA3378	-
PA3381	PA3377	-
PA3381	PA3376	-
PA3381	PA3375	-
PA3381	PA3374	-
PA3381	PA3373	-
PA3381	PA3372	-
fliA	PA3352	?
mexT	PA3332	-
mexT	PA3331	-
lasR	PA3326	+
mexT	PA3326	-
anr	PA3309	?
phoP	PA3309	-
algU	PA3262	+
PA3249	PA3255	-
PA3249	PA3254	-
PA3249	PA3253	-
PA3249	PA3252	-
PA3249	PA3251	-
PA3249	PA3250	-
PA3249	PA3249	-
mexT	PA3229	+
mexT	PA3205	+
PA5438	PA3185	-
PA3184	PA3184	-
PA3184	PA3181	-
lexA	PA3008	-
psrA	PA2953	-
lasR	PA2939	+
PA1520	PA2938	-
cifR	PA2933	?
ospR	PA2826	-
mexT	PA2813	+
mexT	PA2812	+
mexT	PA2811	+
PA3249	PA2804	-
PA3249	PA2803	-
PA3249	PA2802	-
mexT	PA2759	+
fhpR	fhpR	-
PA0779	fhpR	-
rpoN	fhpR	+
fhpR	PA2662	+
lasR	PA2592	?
lasR	PA2591	+
pprB	PA2591	+
vqsM	PA2591	+
lasR	PA2588	+
rpoS	PA2573	?
pvdS	PA2531	+
copR	PA2524	?
copR	PA2523	?
mexT	qrh	+
mexT	PA2486	+
vreI	tpsB	+
pvdS	PA2452	+
fleQ	PA2441	?
pvdS	PA2427	+
pvdS	PA2412	+
pvdS	PA2411	+
pvdS	PA2402	+
pvdS	pvdE	+
pvdS	pvdN	+
pvdS	PA2393	+
pvdS	opmQ	+
pvdS	PA2390	+
pmrA	PA2359	+
cysB	PA2355	+
gntR	PA2322	-
gntR	PA2321	-
PA2299	PA2299	-
PA2299	PA2298	-
PA2299	PA2297	-
PA2299	PA2296	-
PA2299	PA2295	-
PA2299	PA2294	-
PA2299	PA2293	-
PA2299	PA2292	-
lexA	PA2288	-
soxR	PA2274	+
ptxS	PA2266	-
ptxS	PA2265	-
ptxS	PA2264	-
ptxS	PA2263	+
ptxS	PA2262	+
ptxS	PA2261	?
ptxS	PA2260	+
anr	PA2127	?
anr	PA2126	?
algR	PA2042	+
argR	PA2042	+
fur	PA2034	+
fur	PA2033	+
PA2032	PA2031	-
PA2010	PA2010	-
PA2010	PA2006	-
mexT	PA1970	+
rpoS	PA1930	?
lasR	hvn	+
lasR	PA1897	+
qscR	PA1897	+
qscR	PA1896	?
qscR	PA1895	?
qscR	PA1894	?
qscR	PA1893	?
qscR	PA1892	?
qscR	PA1891	?
lasR	PA1869	+
mexT	PA1869	-
rhlR	PA1869	+
lexA	PA1866	-
lexA	PA1865	-
psrA	PA1831	-
psrA	PA1830	-
algR	PA1819	+
argR	PA1819	+
mexT	PA1744	+
psrA	fadB	+
NtrC	PA1732	+
NtrC	PA1731	+
NtrC	PA1730	+
lasR	PA1659	+
lasR	PA1658	+
mexT	PA1658	-
lasR	PA1657	+
mexT	PA1657	-
lasR	PA1656	+
algU	PA1592	+
PA3249	PA1144	-
pmrA	PA1559	+
PA1539	PA1539	-
PA1539	PA1538	-
PA1539	PA1537	-
PA1504	PA1522	-
PA1504	PA1521	-
PA1520	PA1520	-
PA1520	PA1519	-
PA1504	PA1519	-
PA1520	PA1518	-
PA0167	PA1517	-
PA1520	PA1517	-
PA0167	PA1516	-
PA1520	PA1516	-
PA0167	PA1514	-
PA1520	PA1514	-
PA0167	PA1513	-
PA1520	PA1513	-
PA1520	PA1507	-
PA1520	PA1503	-
PA1520	PA1501	-
PA1520	PA1500	-
fleQ	PA1442	+
fliA	PA1442	+
rpoN	PA1442	+
lasR	PA1419	+
phoP	PA1343	?
fur	PA1322	?
fur	PA1322	?
fur	PA1301	-
fur	PA1300	-
PA1269	PA1269	+
PA1269	PA1268	+
PA1269	PA1267	+
PA1269	PA1260	+
PA1269	PA1259	+
PA1269	PA1258	+
PA1269	PA1257	+
PA1269	PA1256	+
PA1269	PA1255	+
PA1269	PA1254	+
PA1269	PA1253	+
lasR	aprX	+
bexR	PA1205	+
bexR	PA1204	+
bexR	PA1203	+
bexR	PA1202	+
phoP	PA1196	-
lasR	PA1159	+
PA3249	PA1143	-
PA3249	PA1142	-
fleQ	fliH	+
rpoN	fliH	+
fleQ	PA1096	?
fleQ	fliS	+
rpoN	fliS	+
fliA	PA1093	?
rpoN	phaG	+
algU	PA1053	+
algU	PA1053	+
PA1050	PA1052	+
PA1050	PA1051	+
lexA	PA1045	-
fur	ybgC	?
pqrR	pqrR	+
pqrR	PA0941	-
pqrR	PA0940	-
pqrR	PA0939	-
fur	PA0930	-
fur	PA0929	-
lexA	PA0922	-
phoP	PA0921	+
argR	PA0900	+
argR	PA0891	+
algU	PA0856	+
lasR	PA0855	+
metR	PA0848	-
oxyR	PA0848	?
phoP	PA0836	-
pvdS	PA0818	+
lasR	PA0805	+
PA0797	PA0797	-
PA0797	PA0794	-
PA0797	PA0793	-
np20	PA0781	-
vreI	PA0691	+
lexA	PA0671	-
lexA	PA0670	-
lexA	PA0669	-
pprB	PA4294	?
pprB	PA4298	?
pmrA	PA0202	+
anr	PA4352	+
mexT	PA4354	+
mexT	PA4355	+
pmrA	feoB	+
pmrA	feoA	+
pvdS	PA4390	?
phoP	PA4453	+
phoP	PA4454	+
phoP	PA4455	+
algU	lptB	+
fur	PA4467	-
fur	PA4469	-
lasI	PA4469	?
fur	fagA	-
psdR	PA4500	-
psdR	dppB	-
psdR	dppC	-
psdR	dppD	-
psdR	dppF	-
fur	PA4513	?
fur	PA4513	?
fur	piuC	+
fur	PA4516	+
fur	PA4570	+
oxyR	PA4612	?
mexT	PA4623	+
tpbA	PA4624	-
tpbA	PA4625	-
PA4659	PA4657	-
PA4659	PA4658	-
PA4659	PA4659	-
fur	PA4675	?
fur	PA4675	?
lasR	PA4677	+
fur	PA4705	+
fur	PSPA7_RS25870	-
fur	PA4707	+
fur	PA4709	+
argR	PA4754	-
argR	PA4757	-
PA4769	PA4769	-
mexT	PA4772	-
PA4769	PA4772	-
pmrA	PA4773	+
pmrA	PA4774	+
pmrA	PA4775	+
pmrA	PA4781	+
pmrA	PA4782	+
pmrA	PA4822	+
pmrA	PA4823	+
pmrA	PA4824	+
pmrA	PA4826	+
pvdS	PA4833	+
np20	PA4838	-
phoB	PSPA7_RS26570 (PSPA7_5564)	?
mexT	PA4881	+
desT	PA4889	-
fur	PA4895	+
fur	PA4896	+
PA4906	PA4903	-
PA4916	PA4916	-
PA4916	PA4918	-
phoP	PA4918	-
cbrB	PA5093	?
HutC	PA5093	-
cbrB	PA5094	?
HutC	PA5094	-
cbrB	PA5095	?
HutC	PA5095	-
cbrB	PA5096	?
HutC	PA5096	-
cbrB	PA5097	?
HutC	PA5097	-
cbrB	PA5099	?
HutC	PA5099	-
cbrB	PA5101	?
cbrB	PA5102	?
cbrB	PA5103	?
cbrB	PA5104	?
HutC	PA5104	-
HutC	PA5106	-
pvdS	PA5130	+
pvdS	PA5150	+
algR	PA5152	+
argR	PA5152	+
algR	PA5153	+
argR	PA5153	+
argR	PA5154	+
argR	PA5155	+
lasR	PA5181	+
lasR	PA5184	+
pvdS	PA5190	?
fur	PA5216	+
fur	PA5217	+
lasR	PA5230	+
lasR	PA5231	+
lasR	PA5232	+
algU	PA5291	+
rpoN	sadB	?
GlcC	PA5352	-
PSPA7_RS29445	PSPA7_RS29440 (PSPA7_6174)	?
PSPA7_RS29400	PSPA7_RS29480 (PSPA7_6182)	?
PSPA7_RS29400	PSPA7_RS29485 (PSPA7_6184)	?
PA5431	PA5432	-
PA5431	PA5433	-
PSPA7_RS29685	oadA	?
PSPA7_RS29685	PSPA7_RS29685	?
PA5438	PA5438	-
lasR	kinB	+
np20	PA5498	-
PA5506	PA5506	-
PA5506	PA5507	-
PA5506	PA5508	-
PA5506	PA5509	-
PA5506	PA5510	-
np20	PA5534	-
np20	PA5535	-
np20	PA5536	-
np20	PA5537	-
np20	PA5539	-
np20	PA5540	-
vfr	pbpG	?
fur	pchA	-
pchR	pchA	+
fur	pchB	-
pchR	pchB	+
fur	pchC	-
pchR	pchC	+
fur	pchD	-
pchR	pchD	+
fur	pchE	-
pchR	pchE	+
fur	pchF	-
pchR	pchF	+
fur	pchR	-
pchR	pchR	-
pmrA	pcoA	-
pmrA	pcoB	-
fleQ	pelA	-
tpbA	pelA	-
fleQ	pelB	-
tpbA	pelB	-
fleQ	pelC	?
tpbA	pelC	-
fleQ	pelD	?
tpbA	pelD	-
fleQ	pelE	?
tpbA	pelE	-
fleQ	pelF	?
tpbA	pelF	-
fleQ	pelG	?
tpbA	pelG	-
pfeR	pfeA	+
fur	pfeR	-
PA3184	pgl	-
phhR	phhA	+
phhR	phhA	+
phhR	phhB	+
phhR	phhB	+
phhR	phhC	+
phhR	phhC	+
phhR	phhR	-
phhR	phhR	+
mexT	phnA	-
mvfR	phnA	+
bqsR/PA2657	phnA	+
bqsS/PA2656	phnA	+
mexT	phnB	-
mvfR	phnB	+
lasR	phnC	+
phoP	phoP	+
phoP	phoQ	+
phoB	phoU	?
PA4659	phr	-
algU	phuR	+
fur	phuR	+
fur	phuT	+
lasR	phzA1	+
qscR	phzA1	?
rhlR	phzA1	+
rpoS	phzA1	?
rsaL	phzA1	-
qscR	phzA2	?
lasR	phzB1	+
qscR	phzB1	?
rhlR	phzB1	+
rpoS	phzB1	?
rsaL	phzB1	?
qscR	phzB2	?
lasR	phzC1	+
qscR	phzC1	?
rhlR	phzC1	+
rpoS	phzC1	?
rsaL	phzC1	?
lasR	phzD1	+
qscR	phzD1	?
rhlR	phzD1	+
rpoS	phzD1	?
rsaL	phzD1	?
lasR	phzE1	+
qscR	phzE1	?
rhlR	phzE1	+
rpoS	phzE1	?
rsaL	phzE1	?
lasR	phzF1	+
rhlR	phzF1	+
rpoS	phzF1	?
rsaL	phzF1	?
lasR	phzF2	+
qscR	phzF2	?
rhlR	phzF2	?
rpoS	phzF2	?
rsaL	phzF2	?
lasR	phzG1	+
qscR	phzG1	?
rhlR	phzG1	+
rpoS	phzG1	?
rsaL	phzG1	?
qscR	phzG2	?
rhlR	phzG2	?
rpoS	phzG2	?
rsaL	phzG2	?
rsaL	phzM	-
pilR	pilA	-
crc	pilB	?
vfr	pilM	?
vfr	pilN	?
vfr	pilO	?
vfr	pilP	?
pilR	pilR	+
pilR	pilS	+
pvdS	prpL	+
lasR	plcB	+
vfr	plcH	?
vfr	plcN	?
vfr	plcR	?
phoQ	pmrA	-
pmrA	pmrA	+
pmrA	pmrB	+
PA4916	pncB1	-
ampR	poxB	-
pprB	pprA	?
lasI	pprB	?
PA2591	pprB	-
pprB	pprB	?
vqsM	pprB	+
fhpR	ppyR	+
agmR	pqqA	+
agmR	pqqB	+
agmR	pqqC	+
agmR	pqqD	+
agmR	pqqE	+
agmR	pqqH	+
lasR	pqsA	+
mexT	pqsA	-
mvfR	pqsA	+
bqsR/PA2657	pqsA	+
bqsS/PA2656	pqsA	+
ptxR	pqsA	-
rhlR	pqsA	-
lasR	pqsB	+
mexT	pqsB	-
mvfR	pqsB	+
ptxR	pqsB	-
rhlR	pqsB	-
lasR	pqsC	+
mexT	pqsC	-
mvfR	pqsC	+
ptxR	pqsC	-
rhlR	pqsC	-
lasR	pqsD	+
mexT	pqsD	-
mvfR	pqsD	+
ptxR	pqsD	-
rhlR	pqsD	-
lasR	pqsE	+
mexT	pqsE	-
mvfR	pqsE	+
rhlR	pqsE	-
lasR	pqsH	+
anr	prfA	d
narL	prfA	d
rpoN	proC	+
PA0797	prpB	-
PA0797	prpC	-
PA0797	prpD	-
exsA	pscB	+
exsA	pscC	+
exsA	pscD	+
exsA	pscE	+
mexT	pscE	-
exsA	pscF	+
exsA	pscG	+
exsA	pscH	+
exsA	pscI	+
exsA	pscJ	+
exsA	pscL	+
fleQ	pslA	?
lasR	pslA	+
fleQ	pslB	?
lasR	pslB	+
fleQ	pslC	?
lasR	pslC	+
fleQ	pslD	?
lasR	pslD	+
fleQ	pslE	?
lasR	pslE	+
fleQ	pslF	?
lasR	pslF	+
fleQ	pslG	?
lasR	pslG	+
fleQ	pslH	?
lasR	pslH	+
fleQ	pslI	?
lasR	pslI	+
fleQ	pslJ	?
lasR	pslJ	+
fleQ	pslK	?
lasR	pslK	+
fleQ	pslL	?
lasR	pslL	+
psrA	psrA	-
copR	ptrA	?
lasI	ptxR	?
ptxS	ptxR	-
pvdS	ptxR	+
rpoD	ptxR	+
vfr	ptxR	+
gbuR	ptxS	+
mvaT	ptxS	+
ptxR	ptxS	+
ptxS	ptxS	-
ptxR	pvcA	+
pvdS	pvcA	+
ptxR	pvcB	+
pvdS	pvcB	+
ptxR	pvcC	+
pvdS	pvcC	+
ptxR	pvcD	+
pvdS	pvcD	+
mexT	pvdA	+
pvdS	pvdA	+
pvdS	pvdF	+
pvdS	pvdG	+
metR	pvdH	+
pvdS	pvdH	+
metR	pvdL	+
pvdS	pvdL	+
fur	pvdQ	+
pvdS	PA2389	+
fpvR	pvdS	-
fur	pvdS	-
lasR	pvdS	+
pvdS	pvdS	?
np20	pyrQ	-
pvdS	pys2	?
lasI	qscR	?
lasR	qteE	?
RbsR	rbsA	-
RbsR	rbsB	-
RbsR	rbsC	-
RbsR	rbsK	-
RbsR	rbsR	-
pprB	rcpA	?
pprB	rcpC	?
lexA	recA	-
recA	recA	?
lexA	recN	-
algR	rhlA	-
lasI	rhlA	?
lasR	rhlA	?
mexT	rhlA	-
bqsR/PA2657	rhlA	+
bqsS/PA2656	rhlA	+
rhlR	rhlA	+
rpoN	rhlA	?
algR	rhlB	-
lasI	rhlB	?
lasR	rhlB	?
bqsR/PA2657	rhlB	+
bqsS/PA2656	rhlB	+
rhlR	rhlB	-
rpoN	rhlB	?
lasR	rhlG	+
rhlR	rhlG	?
algR	rhlI	-
lasI	rhlI	?
lasR	rhlI	+
mexT	rhlI	+
mvfR	rhlI	+
ptxR	rhlI	-
qscR	rhlI	?
rhlR	rhlI	+
rpoN	rhlI	-
rpoS	rhlI	-
algQ	rhlR	-
ampR	rhlR	+
lasI	rhlR	?
lasR	rhlR	+
rhlR	rhlR	-
rpoN	rhlR	+
vfr	rhlR	d
rocA1	rocA1	?
rocA1	rocR	?
rocA1	rocS1	?
roxR	roxR	+
fur	rplA	+
fur	rplJ	+
fur	rplL	+
algQ	rpoD	+
rpoD	rpoD	?
algU	rpoH	+
pprB	rpoS	+
psrA	rpoS	+
rhlR	rpoS	-
rpoD	rpoS	?
vqsM	rpoS	+
lasI	rsaL	?
lasI	rsaL	?
lasR	rsaL	+
pprB	rsaL	?
qscR	rsaL	-
rsaL	rsaL	-
mvfR	rsmA	?
qscR	rubA1	?
PA2449	sdaA	+
phoP	sodB	+
fur	sodA	-
PSPA7_RS29400	soxA	?
PSPA7_RS29400	soxB	?
PSPA7_RS29400	soxG	?
soxR	soxR	+
algR	speA	?
cbrB	spuA	+
cbrB	spuB	+
cbrB	spuC	+
cbrB	spuD	+
cbrB	spuE	+
cbrB	spuF	+
cbrB	spuG	+
cbrB	spuH	+
cbrB	spuI	+
pprB	tadA	?
pprB	tadB	?
pprB	tadC	?
pprB	tadG	?
pprB	tadZ	?
algU	tal	+
fur	tolA	-
toxR	tolA	+
fur	tolB	-
toxR	tolB	+
fur	tolQ	-
toxR	tolQ	+
fur	tolR	-
toxR	tolR	+
NrdR	topA	-
fur	toxA	-
ptxR	toxA	+
pvdS	toxA	+
toxR	toxA	-
vfr	toxA	+
fur	toxR	-
pvdS	toxR	+
vfr	toxR	+
lasR	tpbA	+
phoP	tpbA	+
tpbA	tpbA	-
tpbA	tpbB	-
trpI	trpA	+
trpI	trpB	+
trpI	trpI	-
rpoN	ureA	?
rpoN	ureB	?
rpoN	ureC	?
PA4906	vanA	-
PA4906	vanB	-
lasI	vfr	?
vfr	vfr	+
rpoN	orfK	+
rpoN	orfM	+
rpoN	orfN	+
lasI	xcpP	?
lasI	xcpP	?
lasR	xcpP	+
rhlR	xcpP	?
lasI	xcpQ	?
lasR	xcpQ	+
rhlR	xcpQ	?
lasI	xcpR	?
rhlR	xcpR	?
lasI	xcpS	?
rhlR	xcpS	?
lasI	xcpT	?
rhlR	xcpT	?
lasI	xcpU	?
rhlR	xcpU	?
lasI	xcpV	?
rhlR	xcpV	?
lasI	xcpW	?
rhlR	xcpW	?
lasI	xcpX	?
rhlR	xcpX	?
lasI	xcpZ	?
rhlR	xcpZ	?
PA1504	xdhA	-
PA1504	xdhB	-
mexT	xenB	+
np20	znuB	-
np20	znuC	-
crc	zwf	?
PA3184	zwf	-
PA5438	zwf	-
